{
	"CoolPlist_Default":{
		"SupportedFileTypes":["png", "jpg"], 	
		"AutoPackTexture": true,        		
		"AutoDerivedFrameAnimationFile": true
	},
	"TexturePacker" : {
		"Version":"3.0.9",						
		"ImageFolder":"res", 					
		"SheetFileName" : "spritesheet/spritesheet.png",					
		"DataFileName" :"spritesheet/spritesheet.plist", 					
		"Format" : "cocos2d",					
		"TexturePath" : "",						
		"Width" : null,							
		"Height":null,							
		"MaxWidth":null,						
		"MaxHeight":null,						
		"MaxSize":null,							
		"ShapePadding":2,						
		"BorderPadding":2, 						
		"Padding":null,		
		"InnerPadding":0,
		"Rotation":false,					
		"TrimMode":"None",
		"ignoreFiles":null	
	},
	"FrameAnimationDefFile":{
		"DefaultImageTextureDefFolder" : "./spritesheet",
		"BackupOldFile" : true,	
		"UseImageTextureDefFile" : true,		
		"AnimationUseFolderName":false,
		"Format": 1,
		"IgnoreFramesRegexp":null,
		"FileName":"animation.plist"
	}
}